Player,Squad,90s,Goals,Shots attempted,Shots on Target attempted,Shots on Target percentage,Goals per Shot,Goals per Shot on Target,Average shot distance,Shots from Free kicks,Penalties scored,Penalties attempted,Expected Goals,Non-penalty xG,npxG per Shot,Goals overperformance,xG overperformance
Amelia Abbott,Wellington Phoenix,0.5,0,4,0,0,0,0,13.1,0,0,0,0.2,0.2,0.04,-0.2,-0.2
Ella Abdul Massih,Perth Glory,4.5,0.22,2,0.67,33.3,0.11,0.33,26.9,0.44,0,0,0.11,0.11,0.05,0.11,0.11
Claire Adams,Newcastle Jets,3.9,0.26,2.05,1.28,62.5,0.13,0.2,17.3,0.51,0,0,0.21,0.21,0.1,0.05,0.05
Josie Allan,Newcastle Jets,9.4,0.32,2.45,0.74,30.4,0.13,0.43,17.7,0,0,0,0.27,0.27,0.11,0.05,0.05
Lauren Allan,Newcastle Jets,17.4,0.23,2.07,0.75,36.1,0.11,0.31,13.6,0,0,0,0.19,0.19,0.09,0.04,0.04
Mischa Anderson,Perth Glory,1.3,0,0,0,0,0,0,0,0,0,0,0,0,0,0,0
Liz Anton,Canberra Utd,19,0.05,0.58,0.11,18.2,0.09,0.5,14,0,0,0,0.08,0.08,0.14,-0.03,-0.03
Alexia Apostolakis,Melb City,21.7,0.09,0.65,0.23,35.7,0.14,0.4,24.1,0.14,0,0,0.03,0.03,0.04,0.06,0.06
Madison Ayson,Canberra Utd,14,0.14,0.86,0.29,33.3,0.17,0.5,11.5,0,0,0,0.09,0.09,0.1,0.06,0.06
Melissa Barbieri,Melb City,1.3,0,0,0,0,0,0,0,0,0,0,0,0,0,0,0
Mackenzie Barry,Wellington Phoenix,20.5,0,0.59,0.2,33.3,0,0,15.3,0,0,0,0.1,0.1,0.17,-0.1,-0.1
Lorena Baumann,Newcastle Jets,21.2,0,0.66,0.05,7.1,0,0,23.6,0.05,0,0,0.03,0.03,0.04,-0.03,-0.03
Amelia Bennett,W Sydney,6.8,0,0.15,0,0,0,0,24.3,0,0,0,0,0,0.03,0,0
Tegan Bertolissio,Canberra Utd,13.6,0,0.29,0,0,0,0,18,0,0,0,0.03,0.03,0.1,-0.03,-0.03
Jasmine Black,Sydney FC,5.2,0,0,0,0,0,0,0,0,0,0,0,0,0,0,0
Chelsea Blissett,Brisbane Roar,19.5,0.05,0.41,0.05,12.5,0.13,1,12.5,0,0,0,0.06,0.06,0.15,-0.01,-0.01
Lourdes Bosch,Melb City,19.5,0.21,1.74,0.72,41.2,0.12,0.29,20.3,0.1,0,0,0.17,0.17,0.1,0.04,0.04
Katie Bowler,Adelaide Utd,3.7,0,0.54,0,0,0,0,18.7,0,0,0,0.03,0.03,0.05,-0.03,-0.03
Jaya Bowman,Canberra Utd,0.1,0,0,0,0,0,0,0,0,0,0,0,0,0,0,0
Daisy Brazendale,Wellington Phoenix,10.5,0,0.38,0.1,25,0,0,23.3,0,0,0,0.05,0.05,0.12,-0.05,-0.05
India Breier,Newcastle Jets,5.3,0,1.89,0.57,30,0,0,17.9,0.19,0,0,0.21,0.21,0.11,-0.21,-0.21
Ava Briedis,Melb Victory,0.5,2,2,2,100,1,1,19.9,0,0,0,0,0,0.04,2,2
Ischia Brooking,Perth Glory,0.2,0,0,0,0,0,0,0,0,0,0,0,0,0,0,0
Kelli Brown,Perth Glory,11.3,0.44,3.81,1.86,48.8,0.09,0.19,19.8,0,0.09,0.09,0.5,0.44,0.12,-0.05,-0.09
Faye Bryson,Sydney FC,12.9,0,1.01,0.16,15.4,0,0,24.8,0,0,0,0.03,0.03,0.03,-0.03,-0.03
Ella Buchanan,W Sydney,16.4,0,0.37,0.18,50,0,0,25.3,0,0,0,0.01,0.01,0.04,-0.01,-0.01
Claudia Bunge,Melb Victory,22,0.09,0.45,0.14,30,0.2,0.67,7.4,0,0,0,0.07,0.07,0.15,0.02,0.02
Holly Caspers,W Sydney,3,1.33,2.67,1.67,62.5,0.5,0.8,11.5,0,0,0,0.63,0.63,0.24,0.7,0.7
Madeleine Caspers,Sydney FC,16.7,0.12,1.44,0.6,41.7,0.08,0.2,15.7,0,0,0,0.14,0.14,0.1,-0.02,-0.02
Amelia Cassar,W Sydney,0.9,0,0,0,0,0,0,0,0,0,0,0,0,0,0,0
Georgia Cassidy,Perth Glory,13.9,0.07,0.65,0.22,33.3,0.11,0.33,29.2,0.22,0,0,0.03,0.03,0.05,0.04,0.04
Alana Cerne,Western United,8.7,0,0.46,0,0,0,0,11,0,0,0,0.06,0.06,0.12,-0.06,-0.06
Margaux Chauvet,Sydney FC,9.3,0,0.43,0,0,0,0,24.1,0,0,0,0.01,0.01,0.03,-0.01,-0.01
Amy Chessari,W Sydney,21.3,0,0.8,0.33,41.2,0,0,24.7,0,0,0,0.03,0.03,0.04,-0.03,-0.03
Alex Chidiac,Melb Victory,21.3,0.09,1.17,0.33,28,0.08,0.29,21.4,0,0,0,0.08,0.08,0.07,0.01,0.01
Sofia Christopherson,Canberra Utd,19.8,0.1,0.61,0.3,50,0.17,0.33,12.6,0,0,0,0.07,0.07,0.11,0.04,0.04
Claudia Cicco,Newcastle Jets,20.8,0.05,0.24,0.1,40,0.2,0.5,19.4,0,0,0,0.01,0.01,0.06,0.03,0.03
Abbey Clarke,Adelaide Utd,0.8,0,1.25,0,0,0,0,30.2,0,0,0,0,0,0.04,0,0
Alexis Collins,Newcastle Jets,3.1,0,2.26,1.29,57.1,0,0,11.9,0,0,0,0.35,0.35,0.16,-0.35,-0.35
Emily Condon,Adelaide Utd,17.8,0.34,1.01,0.67,66.7,0.33,0.5,19.1,0.11,0,0,0.12,0.12,0.12,0.22,0.22
Shea Connors,Sydney FC,9.7,0.1,3.2,0.82,25.8,0.03,0.13,17.2,0,0,0,0.3,0.3,0.09,-0.2,-0.2
Libby Copus-Brown,Newcastle Jets,18.9,0,1.64,0.32,19.4,0,0,20,0.11,0,0,0.19,0.19,0.12,-0.19,-0.19
Alana Cortellino,Western United,1.3,0,0.77,0,0,0,0,11.2,0,0,0,0.08,0.08,0.08,-0.08,-0.08
Rosie Curtis,Melb Victory,5.7,0,0,0,0,0,0,0,0,0,0,0,0,0,0,0
Ruby Cuthbert,Brisbane Roar,0.5,0,0,0,0,0,0,0,0,0,0,0,0,0,0,0
Sara D'Appolonia,Melb Victory,19.2,0.05,0.68,0.31,46.2,0.08,0.17,26.4,0,0,0,0.03,0.03,0.04,0.02,0.02
Alyssa Dall'Oste,Western United,8,0,0,0,0,0,0,0,0,0,0,0,0,0,0,0
Isobel Dalton,Perth Glory,17,0.12,1.94,0.29,15.2,0.06,0.4,25.9,0.18,0,0,0.17,0.17,0.09,-0.05,-0.05
Leah Davidson,Melb City,16.3,0,0.67,0.12,18.2,0,0,17.2,0,0,0,0.07,0.07,0.11,-0.07,-0.07
Cassidy Davis,Newcastle Jets,23,0.09,1.87,0.43,23.3,0.05,0.2,21.3,0,0,0,0.13,0.13,0.07,-0.05,-0.05
Chelsie Dawber,Adelaide Utd,13.9,0.58,2.81,1.44,51.3,0.18,0.35,16.4,0,0.07,0.07,0.42,0.37,0.13,0.15,0.13
Kiara De Domizio,Western United,4.4,0.45,3.18,1.14,35.7,0.14,0.4,18.3,0,0,0,0.25,0.25,0.08,0.2,0.2
Deborah De La Harpe,Brisbane Roar,20.4,0.1,0.98,0.29,30,0.1,0.33,18.3,0.05,0,0,0.07,0.07,0.07,0.03,0.03
Isabel Dehakiz,Western United,18,0,1.78,0.44,25,0,0,21.2,0,0,0,0.12,0.12,0.07,-0.12,-0.12
Sian Dewey,Adelaide Utd,10.6,0,1.13,0.19,16.7,0,0,24.3,0.09,0,0,0.05,0.05,0.04,-0.05,-0.05
Caitlin Doeglas,Perth Glory,5.3,0.57,2.64,1.89,71.4,0.21,0.3,20.2,0,0,0,0.36,0.36,0.14,0.21,0.21
Indiana Dos Santos,Sydney FC,19.6,0.15,1.63,0.82,50,0.09,0.19,22.6,0.15,0,0,0.12,0.12,0.07,0.03,0.03
Jynaya Dos Santos,Canberra Utd,4.6,0,2.83,0.65,23.1,0,0,19.9,0,0,0,0.22,0.22,0.08,-0.22,-0.22
Casey Dumont,Perth Glory,17,0,0,0,0,0,0,0,0,0,0,0,0,0,0,0
Emma Dundas,Newcastle Jets,15.8,0.06,0.89,0.25,28.6,0.07,0.25,21.8,0,0,0,0.05,0.05,0.06,0.01,0.01
Brianna Edwards,Sydney FC,8.5,0,0,0,0,0,0,0,0,0,0,0,0,0,0,0
Sara Eggesvik,Western United,16,0.13,1.38,0.44,31.8,0.09,0.29,17.2,0,0,0,0.08,0.08,0.06,0.04,0.04
Manaia Elliott,Wellington Phoenix,14.4,0.28,2.5,1.25,50,0.11,0.22,16,0,0,0,0.26,0.26,0.1,0.01,0.01
Shadeene Evans,Central Coast Mariners,6.8,0.15,2.21,0.74,33.3,0.07,0.2,22.3,0,0,0,0.13,0.13,0.06,0.01,0.01
Millie Farrow,Sydney FC,5.8,0.17,1.9,1.03,54.5,0.09,0.17,15.6,0,0,0,0.28,0.28,0.14,-0.1,-0.1
Aimee Feinberg-Danieli,Wellington Phoenix,0.5,0,0,0,0,0,0,0,0,0,0,0,0,0,0,0
Kirsty Fenton,Sydney FC,0.3,0,0,0,0,0,0,0,0,0,0,0,0,0,0,0
Olivia Fergusson,Wellington Phoenix,17.1,0.29,2.46,0.76,31,0.12,0.38,15.1,0,0,0,0.37,0.37,0.15,-0.08,-0.08
Gemma Ferris,W Sydney,6.5,0,0,0,0,0,0,0,0,0,0,0,0,0,0,0
Nickoletta Flannery,Melb Victory,20.1,0.25,1.94,0.9,46.2,0.13,0.28,16.7,0,0,0,0.18,0.18,0.09,0.07,0.07
Isabella Foletta,Perth Glory,5.6,0.18,0.36,0.18,50,0.5,1,24.3,0,0,0,0.02,0.02,0.04,0.16,0.16
Tahlia Franco,Sydney FC,5.5,0,0,0,0,0,0,0,0,0,0,0,0,0,0,0
Laini Freier,Brisbane Roar,14.1,0.64,2.2,1.06,48.4,0.29,0.6,18.9,0,0,0,0.28,0.28,0.14,0.35,0.35
Sharn Freier,Brisbane Roar,9.4,0.21,2.13,0.96,45,0.1,0.22,13.7,0.11,0,0,0.19,0.19,0.09,0.02,0.02
Tiana Fuller,Central Coast Mariners,7.2,0.83,4.31,1.53,35.5,0.19,0.55,16.3,0.14,0,0,0.6,0.6,0.14,0.24,0.24
Holly Furphy,Melb Victory,5.7,0.53,1.75,1.23,70,0.3,0.43,19,0,0,0,0.12,0.12,0.07,0.4,0.4
Bianca Galic,Central Coast Mariners,18.3,0.16,1.53,0.71,46.4,0.07,0.15,23.6,0,0.05,0.05,0.15,0.11,0.07,0.02,0
Ivana Galić,Canberra Utd,0,0,0,0,0,0,0,0,0,0,0,0,0,0,0,0
Sheridan Gallagher,Newcastle Jets,11.6,0.52,3.02,1.55,51.4,0.17,0.33,20.5,0.43,0,0,0.45,0.45,0.15,0.07,0.07
Emily Gielnik,Melb Victory,17.2,0.7,4.07,1.51,37.1,0.16,0.42,17.5,0,0.06,0.12,0.45,0.37,0.09,0.24,0.27
Beattie Goad,Melb Victory,7,0,0,0,0,0,0,0,0,0,0,0,0,0,0,0
Isabel Gomez,Central Coast Mariners,11.1,0.45,2.25,1.08,48,0.2,0.42,16.6,0,0,0,0.3,0.3,0.13,0.15,0.15
Lara Gooch,Newcastle Jets,3.7,0.27,2.16,0.81,37.5,0.13,0.33,20.4,0,0,0,0.24,0.24,0.12,0.03,0.03
Bethany Gordon,Canberra Utd,14.5,0.14,1.17,0.55,47.1,0.12,0.25,18.2,0.07,0,0.07,0.2,0.15,0.13,-0.06,-0.01
Miley Grigg,Adelaide Utd,0.9,0,2.22,0,0,0,0,20.7,0,0,0,0.11,0.11,0.05,-0.11,-0.11
Sasha Grove,Western United,23,0,0.17,0,0,0,0,17.2,0,0,0,0.01,0.01,0.05,-0.01,-0.01
Aimee Hall,W Sydney,1.5,0,0,0,0,0,0,0,0,0,0,0,0,0,0,0
Milan Hammond,Newcastle Jets,1.2,0,3.33,0.83,25,0,0,22.9,0,0,0,0.5,0.5,0.14,-0.5,-0.5
Ena Harada,W Sydney,18.3,0.05,0.66,0.16,25,0.08,0.33,29.7,0,0,0,0.02,0.02,0.03,0.04,0.04
Sophie Harding,W Sydney,12.8,0.31,2.19,0.78,35.7,0.14,0.4,18.3,0,0,0,0.27,0.27,0.12,0.05,0.05
Amy Harrison,W Sydney,22.6,0.09,0.71,0.13,18.8,0.06,0.33,26.4,0.22,0.04,0.09,0.13,0.07,0.1,-0.04,-0.02
Kathryn Harvey,Melb City,7.3,0.41,1.78,0.96,53.8,0.23,0.43,14.3,0,0,0,0.22,0.22,0.13,0.19,0.19
Mackenzie Hawkesby,Sydney FC,18.6,0.32,2.37,0.91,38.6,0.11,0.29,23.6,0.11,0.05,0.05,0.17,0.13,0.05,0.16,0.14
Momo Hayashi,Brisbane Roar,15.7,0.32,2.87,0.76,26.7,0.11,0.42,28.6,0.89,0,0,0.16,0.16,0.06,0.16,0.16
Paige Hayward,W Sydney,5,0,0.6,0,0,0,0,16.2,0,0,0,0.12,0.12,0.19,-0.12,-0.12
Erin Healy,Adelaide Utd,14,0.5,4.79,1.64,34.3,0.1,0.3,17.3,0,0,0,0.47,0.47,0.1,0.03,0.03
Mariel Hecher,Brisbane Roar,8.3,0.24,1.57,0.36,23.1,0.15,0.67,10.3,0,0,0,0.36,0.36,0.25,-0.12,-0.12
Bryleeh Henry,Melb City,11.6,0.34,1.9,0.78,40.9,0.18,0.44,15.4,0,0,0,0.25,0.25,0.13,0.09,0.09
Michelle Heyman,Canberra Utd,17.6,0.4,1.99,0.8,40,0.2,0.5,15.4,0,0,0,0.31,0.31,0.16,0.09,0.09
Keiwa Hieda,Western United,8.3,0.36,0.84,0.72,85.7,0.43,0.5,15.8,0,0,0,0.16,0.16,0.19,0.2,0.2
Sophie Hoban,Newcastle Jets,20.4,0.15,1.72,0.59,34.3,0.09,0.25,19.4,0,0,0,0.18,0.18,0.11,-0.03,-0.03
Emily Hodgson,Adelaide Utd,21.3,0.05,0.56,0.19,33.3,0.08,0.25,19.5,0,0,0,0.05,0.05,0.09,0,0
Isabel Hodgson,Adelaide Utd,1.1,0,0,0,0,0,0,0,0,0,0,0,0,0,0,0
Gabby Hollar,Perth Glory,10.7,0.28,3.36,0.93,27.8,0.06,0.2,15.7,0.09,0.09,0.09,0.36,0.29,0.09,-0.07,-0.1
Shay Hollman,Sydney FC,9.7,0,0.52,0,0,0,0,26.5,0,0,0,0.02,0.02,0.04,-0.02,-0.02
Dylan Holmes,Adelaide Utd,7.3,0.14,1.64,0.82,50,0,0,21.4,0,0.14,0.14,0.26,0.16,0.1,-0.12,-0.16
Isabela Hoyos,Brisbane Roar,7.4,0,0.95,0.14,14.3,0,0,12.9,0,0,0,0.07,0.07,0.07,-0.07,-0.07
Blake Hughes,Central Coast Mariners,1.1,0,0.91,0,0,0,0,35.9,0,0,0,0,0,0.02,0,0
Laura Hughes,Melb City,22.8,0.18,0.75,0.39,52.9,0.24,0.44,20.3,0,0,0,0.07,0.07,0.09,0.11,0.11
Sandra Ibargüen,Western United,2.2,0.45,0.91,0.45,50,0.5,1,8,0,0,0,0.32,0.32,0.37,0.14,0.14
Princess Ibini-Isei,Sydney FC,18,0.22,1.89,0.78,41.2,0.12,0.29,20.7,0.06,0,0,0.12,0.12,0.07,0.1,0.1
Olivia Ingham,Wellington Phoenix,1.7,0,4.12,0.59,14.3,0,0,11.3,0,0,0,0.47,0.47,0.11,-0.47,-0.47
Ashley Irwin,Central Coast Mariners,7.4,0,0.14,0,0,0,0,43.5,0,0,0,0,0,0.02,0,0
Tiana Jaber,Wellington Phoenix,19.8,0,0.15,0.1,66.7,0,0,29.3,0,0,0,0.01,0.01,0.02,-0.01,-0.01
Deven Jackson,Newcastle Jets,16,0.38,2.25,0.94,41.7,0.17,0.4,14.9,0,0,0,0.3,0.3,0.13,0.07,0.07
Grace Jale,Wellington Phoenix,18.6,0.11,2.37,0.86,36.4,0.05,0.13,22.9,0.16,0,0,0.16,0.16,0.07,-0.05,-0.05
Sally James,Canberra Utd,22.9,0,0,0,0,0,0,0,0,0,0,0,0,0,0,0
Alana Jancevski,Melb Victory,18.4,0.27,1.36,0.65,48,0.12,0.25,23.3,0.33,0.11,0.11,0.17,0.09,0.07,0.1,0.07
Claudia Jenkins,Adelaide Utd,22,0,0,0,0,0,0,0,0,0,0,0,0,0,0,0
Ela Jerez,Wellington Phoenix,0.5,0,2,0,0,0,0,4.9,0,0,0,0.4,0.4,0.19,-0.4,-0.4
Kahli Johnson,Western United,17.3,0.46,4.86,1.56,32.1,0.1,0.3,18,0,0,0,0.62,0.62,0.13,-0.16,-0.16
Lucy Johnson,Sydney FC,10.3,0.29,1.46,0.49,33.3,0.2,0.6,25.7,0,0,0,0.1,0.1,0.07,0.19,0.19
Grace Johnston,Perth Glory,20.5,0,0.63,0.34,53.8,0,0,26.5,0,0,0,0.02,0.02,0.04,-0.02,-0.02
Talia Kapetanellis,W Sydney,2.5,0.4,3.2,1.2,37.5,0.13,0.33,18,0,0,0,0.48,0.48,0.15,-0.08,-0.08
Tiarna Karambasis,Adelaide Utd,4.9,0,0,0,0,0,0,0,0,0,0,0,0,0,0,0
Caitlin Karic,Melb City,0,0,2,1,50,0,0,25.6,0,0,0,0.1,0.1,0.03,-0.1,-0.1
Aideen Keane,Canberra Utd,9.3,0.11,1.72,0.75,43.8,0.06,0.14,15.9,0,0,0,0.18,0.18,0.11,-0.08,-0.08
Alivia Kelly,Wellington Phoenix,14,0.07,0.64,0.21,33.3,0.11,0.33,14.8,0,0,0,0.05,0.05,0.08,0.02,0.02
Sham Khamis,W Sydney,19.9,0,0,0,0,0,0,0,0,0,0,0,0,0,0,0
Taren King,Central Coast Mariners,0.4,0,0,0,0,0,0,0,0,0,0,0,0,0,0,0
Amali Kinsella,Brisbane Roar,0.7,0,0,0,0,0,0,0,0,0,0,0,0,0,0,0
Lara Kirkby,Adelaide Utd,0.5,0,2,0,0,0,0,8.4,0,0,0,0.2,0.2,0.12,-0.2,-0.2
Greta Kraszula,Central Coast Mariners,3.7,0,0.54,0,0,0,0,19.2,0,0,0,0.03,0.03,0.04,-0.03,-0.03
Zara Kruger,Brisbane Roar,11.8,0.08,1.1,0.17,15.4,0.08,0.5,25.8,0,0,0,0.04,0.04,0.04,0.04,0.04
Danielle Krzyzaniak,Newcastle Jets,14.9,0,0,0,0,0,0,0,0,0,0,0,0,0,0,0
Grace Kuilamu,Brisbane Roar,9.6,0.52,3.02,1.35,44.8,0.17,0.38,11.8,0,0,0,0.55,0.55,0.18,-0.03,-0.03
Rebecca Lake,Wellington Phoenix,1.9,0,1.05,0.53,50,0,0,10.2,0,0,0,0.11,0.11,0.1,-0.11,-0.11
Tanika Lala,Perth Glory,2.2,0,0.45,0.45,100,0,0,17.5,0,0,0,0.05,0.05,0.13,-0.05,-0.05
Sarah Langman,Central Coast Mariners,23,0,0,0,0,0,0,0,0,0,0,0,0,0,0,0
Abbey Lemon,Sydney FC,13.1,0,0.76,0.23,30,0,0,22.6,0,0,0,0.06,0.06,0.08,-0.06,-0.06
Tamar Levin,Brisbane Roar,5.6,0.36,2.68,1.25,46.7,0.13,0.29,18.3,0.18,0,0,0.27,0.27,0.1,0.09,0.09
Chloe Lincoln,Western United,15,0,0,0,0,0,0,0,0,0,0,0,0,0,0,0
Ella Lincoln,Perth Glory,1.7,0.59,2.94,2.35,80,0.2,0.25,12.7,0,0,0,0.18,0.18,0.06,0.41,0.41
Maya Lobo,W Sydney,1.8,0,0,0,0,0,0,0,0,0,0,0,0,0,0,0
Chloe Logarzo,Western United,19.5,0.36,3.33,1.08,32.3,0.06,0.19,23.2,0.05,0.15,0.26,0.46,0.28,0.08,-0.1,-0.07
Annalie Longo,Wellington Phoenix,21.7,0.14,1.71,0.6,35.1,0.08,0.23,20.3,0.05,0,0,0.15,0.15,0.09,-0.01,-0.01
Rachel Lowe,Melb Victory,22.3,0.09,1.35,0.4,30,0.07,0.22,16.8,0,0,0.04,0.2,0.16,0.12,-0.11,-0.07
Hana Lowry,Sydney FC,3.5,0,1.14,0,0,0,0,16.9,0.29,0,0,0.17,0.17,0.15,-0.17,-0.17
Amber Luchtmeijer,Sydney FC,3.2,0.31,2.5,1.25,50,0.13,0.25,16.2,0,0,0,0.22,0.22,0.09,0.09,0.09
Grace Maher,Western United,22.7,0.18,0.79,0.44,55.6,0.22,0.4,24.3,0.4,0,0,0.04,0.04,0.04,0.14,0.14
Emma Main,Wellington Phoenix,12.6,0.24,2.86,1.35,47.2,0.06,0.12,17.5,0.08,0.08,0.08,0.42,0.37,0.13,-0.18,-0.21
Coco Majstorovic,Canberra Utd,0.1,0,0,0,0,0,0,0,0,0,0,0,0,0,0,0
Darcey Malone,Canberra Utd,18.1,0.11,0.39,0.17,42.9,0.29,0.67,13.9,0,0,0,0.04,0.04,0.09,0.07,0.07
Maja Markovski,Canberra Utd,16.9,0.18,1.36,0.71,52.2,0.13,0.25,20,0,0,0,0.14,0.14,0.1,0.04,0.04
Lucía Marte,Adelaide Utd,20.6,0.24,0.78,0.29,37.5,0.31,0.83,10.8,0,0,0,0.1,0.1,0.13,0.14,0.14
Annabel Martin,Central Coast Mariners,22.9,0,0.57,0.13,23.1,0,0,24.1,0.13,0,0,0.06,0.06,0.11,-0.06,-0.06
Bethany Mason-Jones,Sydney FC,3.8,0,0,0,0,0,0,0,0,0,0,0,0,0,0,0
Danika Matos,W Sydney,23,0.04,0.96,0.35,36.4,0.05,0.13,21.6,0,0,0,0.04,0.04,0.04,0,0
Madison McComasky,W Sydney,11.2,0.09,0.71,0.18,25,0.13,0.5,13.1,0,0,0,0.12,0.12,0.16,-0.03,-0.03
Maya McCutcheon,Wellington Phoenix,22.6,0.09,1.64,0.53,32.4,0.05,0.17,20.8,0,0,0,0.11,0.11,0.06,-0.02,-0.02
Leticia McKenna,Melb City,18.3,0.27,2.57,0.77,29.8,0.11,0.36,21.2,0.22,0,0,0.25,0.25,0.1,0.03,0.03
Tijan McKenna,Perth Glory,18.7,0.11,1.12,0.32,28.6,0.1,0.33,24.3,0,0,0,0.05,0.05,0.05,0.05,0.05
Alex McKenzie,Canberra Utd,11.6,0,0.09,0.09,100,0,0,15.5,0,0,0,0.01,0.01,0.05,-0.01,-0.01
Lily McMahon,Central Coast Mariners,0.6,0,1.67,0,0,0,0,8.8,0,0,0,0.17,0.17,0.08,-0.17,-0.17
Shelby McMahon,Melb City,4.3,0,0.47,0.23,50,0,0,6.7,0,0,0,0.14,0.14,0.3,-0.14,-0.14
Zoe McMeeken,Wellington Phoenix,9.6,0.1,1.98,0.63,31.6,0.05,0.17,20.4,0,0,0,0.11,0.11,0.06,-0.01,-0.01
Ella McMillan,Wellington Phoenix,0.2,0,0,0,0,0,0,0,0,0,0,0,0,0,0,0
Holly McNamara,Melb City,9.6,1.56,4.48,2.5,55.8,0.35,0.63,13.5,0,0,0.1,1.01,0.93,0.21,0.55,0.64
Matilda McNamara,Adelaide Utd,21.4,0,0.98,0.19,19,0,0,8.7,0,0,0,0.14,0.14,0.15,-0.14,-0.14
Holly McQueen,Brisbane Roar,21.3,0,0.09,0,0,0,0,15.1,0,0,0,0.01,0.01,0.1,-0.01,-0.01
Aimee Medwin,Western United,15.4,0.13,1.95,0.45,23.3,0.07,0.29,17.7,0,0,0,0.17,0.17,0.09,-0.04,-0.04
Ilona Melegh,Adelaide Utd,1,0,0,0,0,0,0,0,0,0,0,0,0,0,0,0
Kiera Meyers,Melb City,0.3,0,0,0,0,0,0,0,0,0,0,0,0,0,0,0
Abby Middleton,Adelaide Utd,0.3,0,0,0,0,0,0,0,0,0,0,0,0,0,0,0
Malena Mieres,Melb City,21.7,0,0,0,0,0,0,0,0,0,0,0,0,0,0,0
Claudia Mihocic,Western United,10.2,0,0.1,0.1,100,0,0,22.7,0,0,0,0,0,0.03,0,0
Tianah Miro,Canberra Utd,0.2,0,0,0,0,0,0,0,0,0,0,0,0,0,0,0
Sarah Morgan,Adelaide Utd,19.2,0.05,0.47,0.16,33.3,0.11,0.33,28.3,0,0,0,0.02,0.02,0.03,0.04,0.04
Tanaye Morris,Brisbane Roar,2.1,0,2.38,0.48,20,0,0,14.1,0,0,0,0.29,0.29,0.11,-0.29,-0.29
Kayla Morrison,Melb Victory,23,0.17,0.48,0.26,54.5,0.36,0.67,11.1,0,0,0,0.09,0.09,0.18,0.09,0.09
Meleri Mullan,Adelaide Utd,2.6,0,1.15,0,0,0,0,15.7,0,0,0,0.04,0.04,0.04,-0.04,-0.04
Alana Murphy,Melb Victory,19.2,0.05,0.83,0.16,18.8,0.06,0.33,27.9,0,0,0,0.02,0.02,0.03,0.03,0.03
Emilia Murray,Melb City,0.8,0,1.25,0,0,0,0,25.8,0,0,0,0,0,0.02,0,0
Holly Murray,Canberra Utd,6.9,0,0.14,0,0,0,0,26.3,0,0,0,0,0,0.03,0,0
Jessika Nash,Central Coast Mariners,23,0.04,0.26,0.04,16.7,0.17,1,18.7,0,0,0,0.02,0.02,0.07,0.03,0.03
Ruby Nathan,Canberra Utd,4.6,0.22,2.17,1.74,80,0.1,0.13,13.6,0,0,0,0.43,0.43,0.21,-0.22,-0.22
Brooke Neary,Wellington Phoenix,0.1,0,0,0,0,0,0,0,0,0,0,0,0,0,0,0
Courtney Newbon,Melb Victory,23,0,0,0,0,0,0,0,0,0,0,0,0,0,0,0
Brooke Nunn,Central Coast Mariners,19.1,0.1,1.68,0.79,46.9,0.06,0.13,21.7,0,0,0,0.14,0.14,0.08,-0.03,-0.03
Sarah O'Donoghue,Perth Glory,10.8,0.28,2.78,1.02,36.7,0.1,0.27,19.5,0.28,0,0,0.24,0.24,0.09,0.04,0.04
Ella O'Grady,Melb Victory,4.3,0.23,1.16,0.23,20,0.2,1,13.9,0,0,0,0.09,0.09,0.07,0.14,0.14
Taylor Otto,Melb City,23,0.13,0.35,0.13,37.5,0.38,1,5.7,0,0,0,0.1,0.1,0.27,0.03,0.03
Hollie Palmer,Perth Glory,2.7,0,1.48,0,0,0,0,30.2,0,0,0,0.04,0.04,0.03,-0.04,-0.04
Chrissy Panagaris,Adelaide Utd,0.8,0,6.25,0,0,0,0,19.8,0,0,0,0.87,0.87,0.13,-0.87,-0.87
Jade Pennock,Central Coast Mariners,22,0.23,3.14,1.05,33.3,0.06,0.17,17.8,0,0.05,0.09,0.37,0.31,0.1,-0.15,-0.13
Susan Phonsongkham,Perth Glory,3.1,0.65,2.26,1.29,57.1,0,0,26.1,0.32,0.65,0.65,0.84,0.35,0.16,-0.19,-0.35
Laura Pickett,Melb Victory,11.5,0,0.35,0.17,50,0,0,22.6,0,0,0,0.01,0.01,0.03,-0.01,-0.01
Rhianna Pollicina,Melb City,10.8,0.37,3.06,1.11,36.4,0.12,0.33,19.5,0,0,0.09,0.36,0.3,0.1,0.01,0.07
Evdokiya Popadinova,Brisbane Roar,11.8,0.08,1.36,0.51,37.5,0.06,0.17,14.5,0,0,0,0.16,0.16,0.12,-0.08,-0.08
Avaani Prakash,Western United,1.8,0,2.78,1.11,40,0,0,21.1,0,0,0,0.17,0.17,0.06,-0.17,-0.17
Olivia Price,W Sydney,14.5,0.14,0.9,0.34,38.5,0.15,0.4,16.5,0,0,0,0.12,0.12,0.13,0.02,0.02
Emily Pringle,Brisbane Roar,16.2,0.12,2.04,0.68,33.3,0.06,0.18,18.8,0,0,0,0.19,0.19,0.1,-0.07,-0.07
Natasha Prior,Newcastle Jets,14.2,0.07,0.92,0.21,23.1,0.08,0.33,10.8,0,0,0,0.08,0.08,0.08,-0.01,-0.01
Leia Puxty,Central Coast Mariners,3.8,0,0,0,0,0,0,0,0,0,0,0,0,0,0,0
Tess Quilligan,Central Coast Mariners,9.9,0.1,0.71,0.1,14.3,0.14,1,24.6,0,0,0,0.02,0.02,0.03,0.08,0.08
Annalise Rasmussen,Central Coast Mariners,15.9,0.38,2.64,1.01,38.1,0.12,0.31,16.5,0.13,0.06,0.06,0.44,0.39,0.15,-0.06,-0.08
Taylor Ray,Central Coast Mariners,23,0,0.13,0,0,0,0,31.7,0.04,0,0,0,0,0.03,0,0
Keeley Richards,Brisbane Roar,6.7,0,0,0,0,0,0,0,0,0,0,0,0,0,0,0
Brianne Riley,Central Coast Mariners,4.8,0,0.42,0,0,0,0,6.5,0,0,0,0.06,0.06,0.13,-0.06,-0.06
Emily Roach,Western United,5.3,0,0.94,0.38,40,0,0,20.7,0,0,0,0.06,0.06,0.06,-0.06,-0.06
Emma Robers,Canberra Utd,21.1,0.05,0.57,0.19,33.3,0.08,0.25,20.8,0,0,0,0.04,0.04,0.07,0,0
Morgan Roberts,Perth Glory,1.6,0,1.25,0.63,50,0,0,18.6,0,0,0,0.06,0.06,0.07,-0.06,-0.06
Tiahna Robertson,Newcastle Jets,8.1,0,0,0,0,0,0,0,0,0,0,0,0,0,0,0
Karly Roestbakken,Melb City,16.8,0,0.6,0.18,30,0,0,23.9,0,0,0,0.02,0.02,0.03,-0.02,-0.02
Isabel Rolley,Newcastle Jets,0.5,0,2,2,100,0,0,27.7,0,0,0,0,0,0.03,0,0
Sarah Rowe,Central Coast Mariners,13.5,0,0.22,0.15,66.7,0,0,25.5,0,0,0,0.01,0.01,0.05,-0.01,-0.01
Cushla Rue,W Sydney,19.7,0.05,0.51,0.1,20,0.1,0.5,14.6,0,0,0,0.08,0.08,0.15,-0.03,-0.03
Sofia Sakalis,Melb Victory,2.2,0,0.45,0.45,100,0,0,24.5,0,0,0,0,0,0.02,0,0
Julia Sardo,Western United,16.1,0,0.43,0.12,28.6,0,0,27.7,0,0,0,0.01,0.01,0.03,-0.01,-0.01
Nanako Sasaki,Adelaide Utd,7.1,0,0.28,0.14,50,0,0,29.4,0,0,0,0.01,0.01,0.03,-0.01,-0.01
Sienna Saveska,W Sydney,17.2,0.41,3.14,0.93,29.6,0.13,0.44,24.7,0.17,0,0,0.23,0.23,0.07,0.18,0.18
Jessica Seaman,Central Coast Mariners,2.6,0,0.38,0,0,0,0,9.9,0,0,0,0.04,0.04,0.08,-0.04,-0.04
Keely Segavcic,W Sydney,1.6,0,0,0,0,0,0,0,0,0,0,0,0,0,0,0
Olivia Sekany,Brisbane Roar,16.3,0,0,0,0,0,0,0,0,0,0,0,0,0,0,0
Lillian Skelly,Canberra Utd,1.4,0,0.71,0,0,0,0,13.3,0,0,0,0,0,0.03,0,0
Mariana Speckmaier,Melb City,18.5,0.38,2.81,0.86,30.8,0.13,0.44,14.9,0,0,0.05,0.47,0.43,0.15,-0.09,-0.05
Anika Stajcic,W Sydney,0.2,0,0,0,0,0,0,0,0,0,0,0,0,0,0,0
Mary Stanic-Floody,Canberra Utd,14.4,0.28,1.32,0.42,31.6,0.16,0.5,25.5,0.21,0.07,0.07,0.13,0.07,0.05,0.15,0.14
Rebekah Stott,Melb City,19.3,0,0.47,0.31,66.7,0,0,23.1,0,0,0,0.02,0.02,0.04,-0.02,-0.02
Rubi Sullivan,Sydney FC,1.1,0,0,0,0,0,0,0,0,0,0,0,0,0,0,0
Miku Sunaga,Perth Glory,7.9,0.13,1.14,0.38,33.3,0.11,0.33,14.4,0,0,0,0.13,0.13,0.12,0,0
Caley Tallon-Henniker,Sydney FC,10.2,0.1,1.37,0.59,42.9,0.07,0.17,17.3,0,0,0,0.1,0.1,0.07,0,0
Danelle Tan,Brisbane Roar,0.5,0,0,0,0,0,0,0,0,0,0,0,0,0,0,0
Mebae Tanaka,Wellington Phoenix,7,0.14,3.43,0.86,25,0.04,0.17,15.8,0.29,0,0,0.36,0.36,0.1,-0.21,-0.21
Adriana Taranto,Western United,11.2,0,3.04,0.98,32.4,0,0,19.4,0.27,0,0,0.18,0.18,0.06,-0.18,-0.18
Melissa Taranto,Western United,14.1,0.14,1.21,0.64,52.9,0.12,0.22,25.2,0.14,0,0,0.06,0.06,0.05,0.09,0.09
Natalie Tathem,Perth Glory,19.5,0,0.77,0.26,33.3,0,0,23.8,0,0,0,0.03,0.03,0.04,-0.03,-0.03
Hayley Taylor-Young,Canberra Utd,22.5,0,1.07,0.27,25,0,0,24.2,0,0,0,0.04,0.04,0.03,-0.04,-0.04
Miranda Templeman,Perth Glory,6,0,0,0,0,0,0,0,0,0,0,0,0,0,0,0
Naomi Thomas-Chinnama,Perth Glory,22.3,0.04,0.58,0.09,15.4,0.08,0.5,11.5,0,0,0,0.07,0.07,0.13,-0.03,-0.03
Jordan Thompson,Sydney FC,23,0,0.65,0.04,6.7,0,0,10.5,0,0,0,0.08,0.08,0.12,-0.08,-0.08
Natalie Tobin,Sydney FC,23,0.04,0.96,0.17,18.2,0.05,0.25,23,0,0,0,0.04,0.04,0.04,0,0
Zoe Tolland,Adelaide Utd,22.6,0.04,0.18,0.09,50,0.25,0.5,13,0,0,0,0.01,0.01,0.05,0.04,0.04
Ella Tonkin,Adelaide Utd,23,0.09,0.65,0.35,53.3,0.13,0.25,7.5,0,0,0,0.11,0.1,0.18,-0.02,-0.02
Bronte Trew,W Sydney,8.8,0.45,3.07,1.36,44.4,0.15,0.33,15.1,0,0,0,0.39,0.39,0.13,0.07,0.07
Peta Trimis,Central Coast Mariners,12.7,0.08,2.28,1.02,44.8,0.03,0.08,14.3,0,0,0,0.35,0.35,0.15,-0.27,-0.27
Tori Tumeth,Sydney FC,22.1,0,0.77,0.27,35.3,0,0,13.6,0,0,0,0.08,0.08,0.11,-0.08,-0.08
Claudia Valleta,Perth Glory,1.7,0,0.59,0,0,0,0,34.7,0,0,0,0,0,0.02,0,0
Leia Varley,Brisbane Roar,14.6,0.07,1.03,0.14,13.3,0.07,0.5,8.4,0,0,0,0.12,0.12,0.12,-0.05,-0.05
Giavanna Vicari,Newcastle Jets,1,0,3,2,66.7,0,0,15,1,0,0,0.8,0.8,0.26,-0.8,-0.8
Carolina Vilão,Wellington Phoenix,22.4,0,0,0,0,0,0,0,0,0,0,0,0,0,0,0
Tyla-Jay Vlajnic,Melb City,9.1,0.11,0.88,0.44,50,0.13,0.25,21.7,0.33,0,0,0.04,0.04,0.05,0.07,0.07
Charli Wainwright,Perth Glory,9.6,0,0.52,0.21,40,0,0,32.4,0,0,0,0.01,0.01,0.02,-0.01,-0.01
Chloe Walandouw,Newcastle Jets,2.4,0,0,0,0,0,0,0,0,0,0,0,0,0,0,0
Lara Wall,Wellington Phoenix,21.1,0,0.28,0,0,0,0,21.7,0,0,0,0.01,0.01,0.05,-0.01,-0.01
Alyssa Whinham,Wellington Phoenix,15.7,0.06,2.42,0.96,39.5,0.03,0.07,20.5,0,0,0,0.22,0.22,0.09,-0.15,-0.15
Ellie Wilson,Melb Victory,10,0.1,0.5,0.1,20,0.2,1,16.4,0,0,0,0.06,0.06,0.11,0.04,0.04
Josephine Wilson,Newcastle Jets,17.4,0,0.4,0.11,28.6,0,0,11.3,0,0,0,0.03,0.03,0.09,-0.03,-0.03
Alicia Woods,Brisbane Roar,21,0.05,1.33,0.38,28.6,0.04,0.13,21.2,0,0,0,0.09,0.09,0.07,-0.04,-0.04
Fiona Worts,Adelaide Utd,14.7,0.75,6.12,2.93,47.8,0.12,0.26,16.7,0.2,0,0.07,0.69,0.65,0.11,0.05,0.1
Megan Wynne,Perth Glory,16.9,0,0.41,0.12,28.6,0,0,18,0,0,0,0.03,0.03,0.07,-0.03,-0.03
Tameka Yallop,Brisbane Roar,18.8,0.64,3.3,1.38,41.9,0.18,0.42,20,0.05,0.05,0.11,0.44,0.37,0.11,0.2,0.22
Jessica Young,Melb Victory,0.4,0,2.5,0,0,0,0,9.9,0,0,0,0.5,0.5,0.19,-0.5,-0.5
Talia Younis,W Sydney,16.5,0,2.06,0.73,35.3,0,0,20.6,0.06,0,0,0.1,0.1,0.05,-0.1,-0.1
Catherine Zimmerman,Western United,14.3,0.35,2.73,0.7,25.6,0.13,0.5,16.4,0,0,0,0.34,0.34,0.12,0.01,0.01
Salome Zogg,Perth Glory,20.6,0,0.44,0.15,33.3,0,0,7.5,0,0,0,0.07,0.07,0.19,-0.07,-0.07
Paige Zois,Melb Victory,0.1,0,0,0,0,0,0,0,0,0,0,0,0,0,0,0
